{
  "model": "niche",
  "enabled": true,
  "alpha": 0.1,
  "maxPenalty": 0.15,
  "targetOccupancy": 0.18,
  "averageSharingLoad": 1.0626855633410688,
  "averageSharingFactor": 0.9412292255810196,
  "occupancyByNiche": {
    "niche-1": 1.0
  },
  "nicheSharingLoad": {
    "niche-1": 18325.99925178161,
    "unassigned": 107.34452993252587
  },
  "nicheSharingFactor": {
    "niche-1": 16219.903439296631,
    "unassigned": 106.6587076317223
  },
  "penaltyActivationFrequency": 0.96796875
}