{
  "model": "niche",
  "enabled": true,
  "alpha": 0.1,
  "maxPenalty": 0.15,
  "targetOccupancy": 0.18,
  "averageSharingLoad": 1.0735422997423552,
  "averageSharingFactor": 0.9315720597978875,
  "occupancyByNiche": {
    "niche-1": 0.975,
    "niche-2": 0.025
  },
  "nicheSharingLoad": {
    "niche-1": 456.6547311889551,
    "unassigned": 6.041999999999999
  },
  "nicheSharingFactor": {
    "niche-1": 395.5485455647474,
    "unassigned": 5.959012208141855
  },
  "penaltyActivationFrequency": 0.7696428571428572
}