{
  "model": "niche",
  "enabled": true,
  "alpha": 0.1,
  "maxPenalty": 0.15,
  "targetOccupancy": 0.18,
  "averageSharingLoad": 1.058400467393458,
  "averageSharingFactor": 0.9452833457668824,
  "occupancyByNiche": {
    "niche-1": 0.9375,
    "unassigned": 0.0625
  },
  "nicheSharingLoad": {
    "niche-1": 97.11826984126978,
    "unassigned": 16.130580169830168
  },
  "nicheSharingFactor": {
    "niche-1": 85.27451495869681,
    "unassigned": 15.870803038359568
  },
  "penaltyActivationFrequency": 0.8359375
}