{
  "nicheBirthEvents": {
    "1": 1
  },
  "nicheExtinctionEvents": {
  },
  "nicheLifetimes": {
    "niche-1": 3,
    "niche-2": 1
  },
  "nicheStabilityTimeline": [0.0,0.0],
  "fitnessSharingLoadTimeline": [1.0762831689199945,1.0619537351002675],
  "fitnessSharingFactorTimeline": [0.9292646567116785,0.9418920940260338],
  "nicheMigrationBySpecies": {
  },
  "nicheMergeEvents": {
  },
  "nicheRetireEvents": {
  },
  "roleRepulsionTimeline": [0.01926607780529243,0.018653486443371368]
}