{
  "occupancyByNiche": {
    "niche-1": 1.0
  },
  "speciesFractionByNiche": {
    "niche-1": 1.0
  },
  "successFractionByNiche": {
    "niche-1": 1.0
  },
  "speciesPerNiche": {
    "niche-1": 69
  },
  "penaltyActivationFrequency": 0.96796875,
  "overcrowdedNicheCount": 1,
  "targetOccupancy": 0.18,
  "beta": 0.4,
  "fitnessSharingEnabled": true,
  "fitnessSharingMode": "niche",
  "fitnessSharingAlpha": 0.1,
  "fitnessSharingMaxPenalty": 0.15,
  "fitnessSharingTargetOccupancy": 0.18,
  "averageSharingLoad": 1.0626855633410688,
  "averageSharingFactor": 0.9412292255810196,
  "nicheSharingLoad": {
    "niche-1": 18325.99925178161,
    "unassigned": 107.34452993252587
  },
  "nicheSharingFactor": {
    "niche-1": 16219.903439296631,
    "unassigned": 106.6587076317223
  },
  "adaptiveNicheCapacityEnabled": true,
  "adaptiveNicheCapacityBounds": {
    "max": 1.25,
    "min": 0.8
  },
  "nicheCapacity": {
    "niche-1": 1.0514707641071468,
    "niche-2": 1.030914318793936
  },
  "nicheCapacityTimeline": {
    "niche-1": [1.0,1.0,1.0306590747268098,1.0306590747268098,1.0514707641071468],
    "niche-2": [1.0,1.0,1.0207972966452397,1.0207972966452397,1.030914318793936]
  },
  "nicheCapacitySeasonAdjustments": [{
      "season": 1,
      "nicheId": "niche-1",
      "before": 1.0,
      "after": 1.0306590747268098,
      "delta": 0.030659074726809843,
      "noveltySignal": 0.9770588932337955,
      "interactionDiversity": 1.0,
      "nichePersistence": 1.0,
      "chronicOvercrowding": 1.0,
      "prolongedDominanceWithoutNovelty": 0.28842306900680426
    },{
      "season": 1,
      "nicheId": "niche-2",
      "before": 1.0,
      "after": 1.0207972966452397,
      "delta": 0.02079729664523966,
      "noveltySignal": 0.27436729396495785,
      "interactionDiversity": 0.014492753623188406,
      "nichePersistence": 1.0,
      "chronicOvercrowding": 0.0,
      "prolongedDominanceWithoutNovelty": 0.2574525748724281
    },{
      "season": 2,
      "nicheId": "niche-1",
      "before": 1.0306590747268098,
      "after": 1.0514707641071468,
      "delta": 0.02081168938033695,
      "noveltySignal": 0.9888729237312489,
      "interactionDiversity": 1.0,
      "nichePersistence": 0.5,
      "chronicOvercrowding": 1.0,
      "prolongedDominanceWithoutNovelty": 0.29514994438668596
    },{
      "season": 2,
      "nicheId": "niche-2",
      "before": 1.0207972966452397,
      "after": 1.030914318793936,
      "delta": 0.010117022148696364,
      "noveltySignal": 0.27436729396495785,
      "interactionDiversity": 0.014492753623188406,
      "nichePersistence": 0.5,
      "chronicOvercrowding": 0.0,
      "prolongedDominanceWithoutNovelty": 0.28012839142387197
    }]
}