{
  "nicheBirthEvents": {
    "1": 1
  },
  "nicheExtinctionEvents": {
  },
  "nicheLifetimes": {
    "niche-1": 3,
    "niche-2": 1
  },
  "nicheStabilityTimeline": [0.0,0.0],
  "fitnessSharingLoadTimeline": [1.0774928364710872,1.0626855633410688],
  "fitnessSharingFactorTimeline": [0.9281760352421726,0.9412292255810196],
  "nicheMigrationBySpecies": {
  },
  "nicheMergeEvents": {
  },
  "nicheRetireEvents": {
  },
  "roleRepulsionTimeline": [0.021031640606635475,0.02091935539961411],
  "roleGateRejectionCount": 0,
  "roleGatePenaltyCount": 0
}