{
  "activeSpecies": 17,
  "speciesPerLineage": {
    "lineage-1d37387a-7871-3b78-8531-558143e24c32": 1,
    "wild-39266": 1,
    "gilded": 1,
    "lineage-acb0d3b7-a5a0-356b-bfbb-eaa4798a24a4": 1,
    "stormbound": 1,
    "graveborn": 1,
    "lineage-52ace7b6-7baa-3200-9e65-cae246f30b2f": 1,
    "lineage-d034bfbd-24b1-3ac5-8ff9-3ebbc778c7f8": 1,
    "lineage-7ff45d9f-69c7-3fde-9ff2-989ffa3d8a4b": 1,
    "lineage-fbfd0454-c850-39ef-ae4e-3a5fbb127126": 1,
    "lineage-5ebef5d2-bcf4-32e9-9061-c4b01bdf767e": 1,
    "lineage-7c52f707-fb43-3e50-b25b-57f5f3c539bd": 1,
    "lineage-ef617665-a0c8-30fb-9555-ebda433aa009": 1,
    "wild-24241": 1,
    "lineage-a6777d6b-bb0e-33ee-8e2c-f3ca25de6c12": 1,
    "lineage-e2baad6d-64b2-3aba-b8e0-b1750d1f1033": 1,
    "lineage-b8ca7ff1-b0d3-30d1-806a-ee60e85861e7": 1
  },
  "speciesDivergenceLevels": [0.0,0.0,0.0,0.0,0.0,0.0,0.0,0.0,0.0,0.0,0.0,0.0,0.0,0.0,0.0,0.0,0.0],
  "speciesBirthRate": 8.5,
  "speciesExtinctionRate": 0.0,
  "dominantSpeciesConcentration": 0.2,
  "speciesNicheOccupancy": {
    "season-1": {
      "niche-3": 6,
      "niche-1": 12,
      "niche-2": 2
    },
    "season-2": {
      "niche-3": 1,
      "niche-1": 15,
      "niche-2": 1
    }
  },
  "nicheCountTimeline": [3,3],
  "speciesCountTimeline": [17,17],
  "coEvolutionCompetitionTimeline": [0.8683219283609909,0.9341609641804954],
  "coEvolutionSupportTimeline": [0.43214766581629954,0.4803382366768519],
  "coEvolutionModifierTimeline": [-0.04731104208046867,-0.05234051635225265],
  "coEvolutionMigrationPressureTimeline": [0.41524556813924207,0.5256514353409709],
  "dominantSpeciesConcentrationTimeline": [0.2,0.2],
  "nicheSeparationTimeline": [0.3265244390571342,0.2526802467202471],
  "nicheStabilityTimeline": [0.275,0.050000000000000044]
}