{
  "activeSpecies": 10,
  "registrySpecies": 10,
  "speciesPerLineage": {
    "wild-4233": 1,
    "lineage-236f567a-224a-30b3-bf3f-6bb5d6aeec84": 1,
    "lineage-9f66e16c-fd44-308e-8546-d92a908f1d00": 1,
    "lineage-5c96af8e-948c-3d88-b875-5636d1712192": 1,
    "wild-35642": 1,
    "ashen": 1,
    "lineage-c798fd9c-761c-3973-b3ad-c7723a0b5a64": 1,
    "lineage-1a81e247-43ce-3776-bf69-081eba576d11": 1,
    "graveborn": 1,
    "lineage-d72538d8-b7ea-3e3e-9d81-6004227bdc80": 1
  },
  "speciesDivergenceLevels": [0.0,0.0,0.0,0.0,0.0,0.0,0.0,0.0,0.0,0.0],
  "speciesBirthRate": 5.0,
  "speciesExtinctionRate": 0.0,
  "dominantSpeciesConcentration": 0.25,
  "speciesNicheOccupancy": {
    "season-1": {
      "niche-1": 10,
      "unassigned": 2
    },
    "season-2": {
      "niche-1": 10,
      "unassigned": 1
    }
  },
  "nicheCountTimeline": [1,1],
  "speciesCountTimeline": [10,10],
  "coEvolutionCompetitionTimeline": [0.5033887744200243,0.704020444545917],
  "coEvolutionSupportTimeline": [0.23035531254769534,0.3237102768781572],
  "coEvolutionModifierTimeline": [-0.02719139592879008,-0.0408574597084511],
  "coEvolutionMigrationPressureTimeline": [0.1925166824083364,0.36662150676421124],
  "dominantSpeciesConcentrationTimeline": [0.25,0.25],
  "nicheSeparationTimeline": [0.0,0.0],
  "nicheStabilityTimeline": [0.1875,0.0625],
  "fitnessSharingLoadTimeline": [1.0426739585645837,1.058400467393458],
  "fitnessSharingFactorTimeline": [0.9596100201648182,0.9452833457668824]
}